antecedent_product_id,consequent_product_id,product_name,recommended_product_name,support,confidence,lift
1246,43703,Cheese,Manchego Cheese,1.8663250877017264e-06,0.07058823529411765,799.057332228666
1246,9454,Cheese,Goat Cheese,1.5552709064181053e-06,0.058823529411764705,612.0072339615458
1246,7285,Cheese,Mr Pita Plain Pita Bread,1.5552709064181053e-06,0.058823529411764705,310.0167791706847
1246,35721,Cheese,Irish Aged Cheddar Cheese,1.5552709064181053e-06,0.058823529411764705,161.3568560530014
1246,49174,Cheese,Raincoast Crisps Cranberry And Hazelnut Crackers,2.1773792689853474e-06,0.08235294117647059,155.28113161980335
1246,24288,Cheese,Rosemary Raisin Raincoast Crisps,1.5552709064181053e-06,0.058823529411764705,115.80541046792263
1246,13252,Cheese,Baguette Sourdough,2.1773792689853474e-06,0.08235294117647059,111.80503775834657
1246,25952,Cheese,Original Potato Chips,2.1773792689853474e-06,0.08235294117647059,67.88572549019608
1246,13351,Cheese,Total 0% Peach Yogurt,1.8663250877017264e-06,0.07058823529411765,61.5660017235326
1246,44533,Cheese,"French Baguettes, Take & Bake, Twin Pack",1.5552709064181053e-06,0.058823529411764705,52.34160954722326
1246,21927,Cheese,Organic Boneless Skinless Chicken Breast,3.421595994119832e-06,0.12941176470588237,39.911983657622685
1246,1559,Cheese,Cherry Pomegranate Greek Yogurt,1.8663250877017264e-06,0.07058823529411765,33.0901549071072
1246,2120,Cheese,Sauvignon Blanc,2.1773792689853474e-06,0.08235294117647059,32.10700089883152
1246,35914,Cheese,Dha Omega 3 Reduced Fat 2% Milk,1.8663250877017264e-06,0.07058823529411765,22.36226668830717
1246,28427,Cheese,Vitamin D Whole Milk,1.5552709064181053e-06,0.058823529411764705,21.02159129547773
1246,44987,Cheese,Heavy Whipping Cream,1.8663250877017264e-06,0.07058823529411765,10.97139249434061
1246,16759,Cheese,Organic Carrot Bunch,3.1105418128362106e-06,0.11764705882352941,10.558918776890991
1246,34358,Cheese,Garlic,2.1773792689853474e-06,0.08235294117647059,7.230366480371541
1246,44142,Cheese,Red Onion,2.4884334502689687e-06,0.09411764705882353,7.035187436829227
1246,34969,Cheese,Red Vine Tomato,2.1773792689853474e-06,0.08235294117647059,4.866002488775105
1246,26209,Cheese,Limes,4.9768669005379374e-06,0.18823529411764706,4.303247263620617
1246,28842,Cheese,Bunched Cilantro,1.5552709064181053e-06,0.058823529411764705,4.153530316145787
1246,31717,Cheese,Organic Cilantro,2.1773792689853474e-06,0.08235294117647059,3.808099784416384
1246,27966,Cheese,Organic Raspberries,2.7994876315525896e-06,0.10588235294117647,2.48362669202895
1246,47766,Cheese,Organic Avocado,2.1773792689853474e-06,0.08235294117647059,1.4973522009544704
16611,8627,Milk,Thyme Hummos,1.2131113070061221e-05,0.025590551181102362,685.5866469816273
16611,48910,Milk,Special Dark Candy Bar,5.287921081821558e-06,0.01115485564304462,640.3831317960255
16611,16231,Milk,Butter with Coarse Sea Salt,9.642679619792254e-06,0.020341207349081365,563.7449882342294
16611,11572,Milk,Superfood Currant Cacao & Hemp Seedbar,9.642679619792254e-06,0.020341207349081365,549.532929707316
16611,39942,Milk,Serenity Bubble Bath,7.154246169523284e-06,0.015091863517060367,490.0852488135953
16611,48340,Milk,Organic Corn Chowder Soup,7.465300350806906e-06,0.015748031496062992,359.0633830345675
16611,15041,Milk,"Superfood Cranberry, Almond & Lucuma Seedbar",8.398462894657768e-06,0.017716535433070866,339.0263638920135
16611,33258,Milk,Superfood Organic Gluten Free Mulberry Cacao Seedbar,9.02057125722501e-06,0.019028871391076115,321.97591518165495
16611,48032,Milk,Spark Fruit  Juice Drink,7.776354532090527e-06,0.016404199475065617,296.2777212539444
16611,34292,Milk,Giraffes Diapers Size 3 M,6.5321378069560425e-06,0.013779527559055118,280.37623342968203
16611,13017,Milk,Sparkling Blood Orange Soda,7.154246169523284e-06,0.015091863517060367,248.81251093613298
16611,3888,Milk,Organic Chile Lemon Pistachio,1.0575842163643116e-05,0.02230971128608924,246.4704837153088
16611,9964,Milk,Superfood Dark Chocolate and Peanut Butter Seedbar,1.0264787982359495e-05,0.021653543307086614,178.03942042410938
16611,17632,Milk,Marble Rye Bread,5.598975263105179e-06,0.011811023622047244,158.8742793134122
16611,39539,Milk,Milk Chocolate with Whole Hazelnuts,6.221083625672421e-06,0.013123359580052493,156.25906483911731
16611,10116,Milk,Original Maximum Odor Control Cat Litter,7.154246169523284e-06,0.015091863517060367,156.00784447763965
16611,14470,Milk,Strawberry Probiotic Dairy Drink,1.2442167251344842e-05,0.026246719160104987,149.0810865956243
16611,5328,Milk,Tropical Kombucha,8.398462894657768e-06,0.017716535433070866,146.04212598425195
16611,23926,Milk,Honeydew Kombucha Tea,9.642679619792254e-06,0.020341207349081365,134.83385285602185
16611,17783,Milk,Reef Raw Juice,5.598975263105179e-06,0.011811023622047244,122.48694437388875
16611,42840,Milk,Glow Vegetable & Fruit Juice,1.1197950526210359e-05,0.023622047244094488,103.60423671461258
16611,46700,Milk,Pine Nut Hummus,6.221083625672421e-06,0.013123359580052493,103.15390588401388
16611,13363,Milk,"Juice, Vegetable & Fruit, Purify",5.910029444388801e-06,0.012467191601049869,103.034576172837
16611,30908,Milk,Teriyaki Turkey Jerky,9.953733801075875e-06,0.02099737532808399,101.205271380058
16611,31373,Milk,Macrobar Prolonged Powder Banana + Almond Butter,1.3064275613912085e-05,0.027559055118110236,91.43332276963831
16611,18839,Milk,Gluten Free Mediterranean Crackerz,5.287921081821558e-06,0.01115485564304462,86.4131454953673
16611,43310,Milk,Organic Almond Butter With Carob Macrobar,1.3686383976479328e-05,0.028871391076115485,85.54643734049372
16611,27655,Milk,"Juice, Vegetable & Fruit, Fuel",8.398462894657768e-06,0.017716535433070866,85.39194772692393
16611,3151,Milk,Super Tea Power Greens,5.287921081821558e-06,0.01115485564304462,77.95968560995094
16611,30726,Milk,Organic Assam Black Tea,6.843191988239664e-06,0.014435695538057743,76.45624754072134
16611,13765,Milk,Mango Chia Bar,5.598975263105179e-06,0.011811023622047244,74.4528485409912
16611,32267,Milk,Twelve Essentials Fruit and Vegetable Juice,1.0264787982359495e-05,0.021653543307086614,73.66498770986959
16611,18993,Milk,Organic Cashew Caramel Macrobar,9.331625438508632e-06,0.01968503937007874,71.02684765414425
16611,2269,Milk,"Turkey Bar, Almond + Cranberry",7.776354532090527e-06,0.016404199475065617,70.69361177372934
16611,13045,Milk,Potato Chips Sea Salt & Vinegar,1.0575842163643116e-05,0.02230971128608924,69.6338939428688
16611,14833,Milk,Sweet Rejuvenation Cashew Butter Macrobar,1.3375329795195706e-05,0.02821522309711286,61.206738960261546
16611,45448,Milk,Peanut Butter Protein Replenishment Macrobar,1.3064275613912085e-05,0.027559055118110236,57.16057404114808
16611,19080,Milk,All Natural Four Cheese Ravioli,5.910029444388801e-06,0.012467191601049869,55.436307235454485
16611,26314,Milk,"Buttermilk, Cultured Low Fat",9.642679619792254e-06,0.020341207349081365,55.092180821542215
16611,14240,Milk,Organic Sunflower Butter Chocolate Macrobar,1.2442167251344842e-05,0.026246719160104987,54.1243714003357
16611,5708,Milk,Original Turkey Jerky,9.642679619792254e-06,0.020341207349081365,53.64595458176424
16611,47329,Milk,Fresh Fruit Salad,1.150900470749398e-05,0.024278215223097113,52.701825041957534
16611,37188,Milk,Organic Lori's Lemon Tea,1.2131113070061221e-05,0.025590551181102362,50.47263658760446
16611,33736,Milk,Lemon Master Cleanse Fruit Juice Drink,9.953733801075875e-06,0.02099737532808399,50.114265783592195
16611,41805,Milk,Strawberry Lemonade,9.331625438508632e-06,0.01968503937007874,46.947270964274864
16611,48637,Milk,"Green Supreme Apple, Kale & Lemon Cold Pressured Fruit & Vegetable Juice",1.0886896344926737e-05,0.022965879265091863,46.729372238280334
16611,10586,Milk,Green Dragon with Passion Fruit Tea,8.087408713374148e-06,0.01706036745406824,46.051160166692014
16611,48370,Milk,Sensitive Toilet Paper,2.612855122782417e-05,0.05511811023622047,45.04264858351781
16611,38311,Milk,Lemon Love Juice Drink,1.3064275613912085e-05,0.027559055118110236,44.974055717654586
16611,41488,Milk,Chocolate Milk,2.021852178343537e-05,0.04265091863517061,44.27424262070567
16611,14437,Milk,Total Greek Yogurt With Honey,9.953733801075875e-06,0.02099737532808399,43.21633547407087
16611,9637,Milk,Black Forest Berry Caffeine-Free Tea,7.776354532090527e-06,0.016404199475065617,41.68967144917162
16611,20542,Milk,Lime Ginger Lemon Agave,1.150900470749398e-05,0.024278215223097113,41.538798769100104
16611,14726,Milk,"Mini 8\"" Italian Pizza Crusts",6.221083625672421e-06,0.013123359580052493,39.95260180545614
16611,15945,Milk,Freshly Shredded Parmesan Cheese,8.398462894657768e-06,0.017716535433070866,38.66695799990378
16611,41338,Milk,Organic Black Pepper,7.465300350806906e-06,0.015748031496062992,38.38357620005611
16611,39646,Milk,"Red Onions, Fresh Diced",5.287921081821558e-06,0.01115485564304462,35.08948667375482
16611,4136,Milk,Living Herbs Potted Living Basil,5.910029444388801e-06,0.012467191601049869,34.88289828653925
16611,4289,Milk,15 Calories Light Lemonade,8.70951707594139e-06,0.01837270341207349,33.14586223860065
16611,16223,Milk,Four Cheese Crispy Thin Crust Pizza,5.287921081821558e-06,0.01115485564304462,32.33674966688677
16611,45036,Milk,Organic Half Tea & Half Lemonade,6.221083625672421e-06,0.013123359580052493,32.01058232667806
16611,24363,Milk,Lemon Cayenne Agave Cold Pressed Juice Beverage,1.3064275613912085e-05,0.027559055118110236,31.38465808139551
16611,7669,Milk,Premium Ginger Ale,5.287921081821558e-06,0.01115485564304462,29.93443687861221
16611,11707,Milk,Peanut Butter Chocolate Chip Macrobar,1.3375329795195706e-05,0.02821522309711286,29.72096564190944
16611,37886,Milk,Extra Creamy Dairy Whipped Topping,7.154246169523284e-06,0.015091863517060367,29.157716125328083
16611,20084,Milk,Pineapple Apple Mint Organic Cold Pressed Juicd,1.0575842163643116e-05,0.02230971128608924,28.769719519115466
16611,1447,Milk,Organic Baby Lettuces,9.02057125722501e-06,0.019028871391076115,28.533313378971283
16611,13252,Milk,Baguette Sourdough,9.953733801075875e-06,0.02099737532808399,28.50672128821735
16611,38750,Milk,"Protein Bar, Chocolate Pretzel",6.843191988239664e-06,0.014435695538057743,28.04165695300172
16611,32347,Milk,European Style Unsalted Butter,1.0575842163643116e-05,0.02230971128608924,27.543360507355935
16611,25435,Milk,Original Lemonade,5.910029444388801e-06,0.012467191601049869,27.50888821635799
16611,5535,Milk,Large Brown Free Range Eggs Grade A,9.953733801075875e-06,0.02099737532808399,27.32952065202376
16611,45840,Milk,100% Pure Apple Juice,2.1151684327286232e-05,0.04461942257217848,26.80729237942622
16611,2923,Milk,"Mighty 4 Essential Tots Spinach, Kiwi, Barley & Greek Yogurt Nutrition Blend",5.287921081821558e-06,0.01115485564304462,26.762280134759273
16611,5922,Milk,"Honest Face, Hand, & Baby Wipes",1.0575842163643116e-05,0.02230971128608924,24.672483921965895
16611,45698,Milk,One Ply Choose A Size Big Roll Paper Towel Rolls,7.154246169523284e-06,0.015091863517060367,24.454858685759035
16611,15693,Milk,Organic Peach Oo La Long Tea,1.1197950526210359e-05,0.023622047244094488,24.363781043250246
16611,6286,Milk,Half and Half,7.776354532090527e-06,0.016404199475065617,22.979274241046667
16611,18606,Milk,Moroccan Mint Green Tea,1.0264787982359495e-05,0.021653543307086614,22.29055824073864
16611,28990,Milk,Curly Parsley Bunch,9.331625438508632e-06,0.01968503937007874,21.973930993000877
16611,21603,Milk,Blueberry Blaze Trail Mix,7.154246169523284e-06,0.015091863517060367,21.874860068776343
16611,14999,Milk,Grade A Large Brown Eggs,1.8663250877017264e-05,0.03937007874015748,19.81368855975032
16611,23265,Milk,Chives,8.087408713374148e-06,0.01706036745406824,19.793190818668418
16611,36259,Milk,Whole Natural Value Pack Almonds,6.221083625672421e-06,0.013123359580052493,19.31774153230846
16611,45005,Milk,Sourdough Deli Bread,6.5321378069560425e-06,0.013779527559055118,18.723349485160508
16611,45223,Milk,Just Green Unsweetened Tea,9.331625438508632e-06,0.01968503937007874,17.419466352833062
16611,41771,Milk,Fresh European Style Baby Spinach,5.910029444388801e-06,0.012467191601049869,16.54849303519141
16611,23339,Milk,Sweet Corn On The Cob,1.3064275613912085e-05,0.027559055118110236,16.5450774535536
16611,17985,Milk,Uncooked Medium Flour Tortillas,5.598975263105179e-06,0.011811023622047244,16.516290889911055
16611,10036,Milk,"Mighty 4 Kale, Strawberry, Amaranth & Greek Yogurt Tots Snack",5.287921081821558e-06,0.01115485564304462,16.256326101803005
16611,2974,Milk,Regular,5.287921081821558e-06,0.01115485564304462,15.680566410396777
16611,16168,Milk,Large Organic Omega3 Brown Eggs,1.0264787982359495e-05,0.021653543307086614,15.156414845596945
16611,21413,Milk,Organic Soba,5.287921081821558e-06,0.01115485564304462,14.471935181831084
16611,28572,Milk,Premium Ice Cubes,5.910029444388801e-06,0.012467191601049869,14.46425482902692
16611,37966,Milk,French Baguette Bread,5.287921081821558e-06,0.01115485564304462,14.135378549695478
16611,33303,Milk,Organic Hummus,8.398462894657768e-06,0.017716535433070866,13.445804800249826
16611,39450,Milk,Oragnic Ginger Lemon Kombucha,5.598975263105179e-06,0.011811023622047244,13.17520914500538
16611,33929,Milk,Acai Berry Chia Bar,5.598975263105179e-06,0.011811023622047244,13.161508754213349
16611,6193,Milk,Organic Fancy Shredded Mozzarella Cheese,9.331625438508632e-06,0.01968503937007874,13.132376273053023
16611,46516,Milk,Sesame Bagels,5.287921081821558e-06,0.01115485564304462,12.005843783253239
20479,26151,Bread,Light & Fit Blueberry Yogurt,3.1105418128362106e-06,0.011834319526627219,1902.2923076923078
20479,11750,Bread,Lorna Doone Shortbread Cookies,3.421595994119832e-06,0.01301775147928994,111.009100183636
20479,31317,Bread,Mandarin Oranges in Light Syrup Fruit Cups,4.354758537970695e-06,0.016568047337278107,107.82223606353162
20479,21471,Bread,Salisbury Steak Dinner,4.354758537970695e-06,0.016568047337278107,105.47363290175171
20479,2823,Bread,Whole Wheat Penne Rigate,2.7994876315525896e-06,0.010650887573964497,101.60611732481168
20479,33178,Bread,"100% Juice, Apple",4.665812719254316e-06,0.01775147928994083,59.69536530415192
20479,30170,Bread,Fresh Cut Green Beans,6.843191988239664e-06,0.02603550295857988,52.47702917771883
20479,40459,Bread,Old Fashioned Smooth Peanut Butter,4.665812719254316e-06,0.01775147928994083,51.59924885241341
20479,13029,Bread,Ready Pac Salad Santa Fe Caesar Bowls,3.1105418128362106e-06,0.011834319526627219,47.26192068800764
20479,31355,Bread,Sliced Provolone Cheese,4.043704356687074e-06,0.015384615384615385,41.56268907563025
20479,17318,Bread,Sliced Swiss Cheese,2.7994876315525896e-06,0.010650887573964497,39.267501764290756
20479,40028,Bread,Deluxe Cinnamon Raisin Bagels,4.354758537970695e-06,0.016568047337278107,36.111311603650584
20479,21158,Bread,Everything Bagel,4.043704356687074e-06,0.015384615384615385,35.5568655643422
20479,39107,Bread,Onion Bagels,2.7994876315525896e-06,0.010650887573964497,34.62210469005211
20479,45588,Bread,Pizzeria Style Classic Crust Pepperoni Pizza,4.043704356687074e-06,0.015384615384615385,34.15718232044199
20479,48907,Bread,Garden Salad Mix,3.732650175403453e-06,0.014201183431952662,34.096352042281836
20479,49326,Bread,Cereal Variety Fun Pack,3.1105418128362106e-06,0.011834319526627219,30.46104575968467
20479,11463,Bread,Honey Ham,3.732650175403453e-06,0.014201183431952662,30.355728314238952
20479,5923,Bread,Traditional Favorites Four Cheese Pasta Sauce,3.1105418128362106e-06,0.011834319526627219,30.315415262028807
20479,11869,Bread,String Cheese,4.9768669005379374e-06,0.01893491124260355,30.00165295522614
20479,27790,Bread,Small Curd Lowfat 2% Milkfat Cottage Cheese,5.287921081821558e-06,0.020118343195266272,26.982869612656845
20479,287,Bread,Turkey,6.843191988239664e-06,0.02603550295857988,26.939446906489067
20479,43183,Bread,Deli Fresh Shaved Smoked Turkey Breast,9.331625438508632e-06,0.03550295857988166,25.625850575109666
20479,37145,Bread,Select Natural Applewood Smoked Turkey Breast,3.1105418128362106e-06,0.011834319526627219,24.899113975030204
20479,11679,Bread,Deli Fresh Rotisserie Seasoned Chicken Breast,4.354758537970695e-06,0.016568047337278107,23.92820512820513
20479,15100,Bread,Fresh Spinach,5.287921081821558e-06,0.020118343195266272,23.85759441591238
20479,24142,Bread,Broccoli Cuts,3.1105418128362106e-06,0.011834319526627219,23.31240573152338
20479,49306,Bread,Original Mountain Blueberry Low Fat Yogurt,3.1105418128362106e-06,0.011834319526627219,22.727506662990532
20479,9901,Bread,Original Strawberry Banana Yogurt,4.354758537970695e-06,0.016568047337278107,22.607888206869532
20479,6846,Bread,Diet Pepsi Pack,5.287921081821558e-06,0.020118343195266272,21.02663799139742
20479,40214,Bread,90 Calorie Chocolate Fudge Brownies,2.7994876315525896e-06,0.010650887573964497,20.71461678067849
20479,45116,Bread,Potatoes Sweet,2.7994876315525896e-06,0.010650887573964497,20.40599614926194
20479,25844,Bread,Double Rolls Bath Tissue,2.7994876315525896e-06,0.010650887573964497,20.345372274784037
20479,26709,Bread,Four Cheese Rising Crust Pizza,5.287921081821558e-06,0.020118343195266272,20.32619059130687
20479,28931,Bread,Honey Bunches of Oats Honey Roasted Cereal,5.598975263105179e-06,0.021301775147928994,19.735597428508093
20479,27681,Bread,Lower Sugar Instant Oatmeal  Variety,3.1105418128362106e-06,0.011834319526627219,19.48071999684903
20479,26040,Bread,"Deli Fresh Honey Ham, 97% Fat Free, Gluten Free",5.287921081821558e-06,0.020118343195266272,19.428638768861056
20479,43693,Bread,Whole Vitamin D Milk,6.5321378069560425e-06,0.02485207100591716,19.022923076923078
20479,34487,Bread,Hass Avocado Bag,7.154246169523284e-06,0.027218934911242602,18.344957264957262
20479,13500,Bread,Mild Sliced Cheddar Cheese,3.732650175403453e-06,0.014201183431952662,17.85491411209049
20479,39758,Bread,Chewy 25% Low Sugar Chocolate Chip Granola,3.421595994119832e-06,0.01301775147928994,17.816275338114416
20479,1181,Bread,Mini Watermelon,4.9768669005379374e-06,0.01893491124260355,17.512472337788793
20479,40261,Bread,Extra Crunchy Peanut Butter,4.354758537970695e-06,0.016568047337278107,17.15985329103886
20479,8590,Bread,Ground Turkey,4.9768669005379374e-06,0.01893491124260355,17.070486215971354
20479,44799,Bread,Fresh CA Grown Eggs,1.4308492339046569e-05,0.054437869822485205,17.057591842855
20479,40386,Bread,Major Dickason's Blend Whole Bean Coffee,3.732650175403453e-06,0.014201183431952662,16.859311441881605
20479,36591,Bread,100% Whole Wheat Medium Soft Taco Flour Tortillas,3.732650175403453e-06,0.014201183431952662,16.668497767292948
20479,47990,Bread,White Chocolate Macadamia Nut Energy Bar,5.287921081821558e-06,0.020118343195266272,16.173527997383964
20479,33614,Bread,Carb Balance Flour Tortillas,3.732650175403453e-06,0.014201183431952662,16.155348685284988
20479,25544,Bread,Fresh Cut Golden Sweet Whole Kernel Corn,7.776354532090527e-06,0.029585798816568046,15.847153512931587
20479,11233,Bread,100% Whole Wheat Pre-Sliced Sandwich Thins,3.1105418128362106e-06,0.011834319526627219,15.767031145398322
20479,8390,Bread,Diet Ginger Ale,3.1105418128362106e-06,0.011834319526627219,15.421907642418384
20479,7901,Bread,"Ice Pops Sugar Free, Orange, Cherry, Grape",2.7994876315525896e-06,0.010650887573964497,14.900461940148626
20479,5884,Bread,Royal Gala Apples,3.421595994119832e-06,0.01301775147928994,14.710168987427334
20479,27020,Bread,Mandarins Bag,6.221083625672421e-06,0.023668639053254437,13.9745991382355
20479,40332,Bread,"Cage Free Brown Eggs-Large, Grade A",1.3997438157762947e-05,0.05325443786982249,13.780288771112982
20479,39059,Bread,Extra Long Grain Enriched Rice,2.7994876315525896e-06,0.010650887573964497,13.757035571900978
20479,27179,Bread,Rising Crust Pepperoni Pizza,4.043704356687074e-06,0.015384615384615385,13.558004385964912
20479,13866,Bread,Deluxe Plain Bagels,4.665812719254316e-06,0.01775147928994083,13.5426599978095
20479,47962,Bread,Fresh Ground Turkey,3.421595994119832e-06,0.01301775147928994,13.535068165986665
20479,47931,Bread,Diet Cola,2.7994876315525896e-06,0.010650887573964497,12.980008164693531
20479,36186,Bread,Large Grade AA Organic Eggs,4.043704356687074e-06,0.015384615384615385,12.565955284552846
20479,46941,Bread,Provolone Slices,4.043704356687074e-06,0.015384615384615385,12.553197969543149
20479,9837,Bread,Original Cooking Spray,2.7994876315525896e-06,0.010650887573964497,12.44684170791041
20479,45622,Bread,"Paper Towels Choose-A-Sheet, Mega Rolls, One-Ply",3.732650175403453e-06,0.014201183431952662,12.396148624657991
20479,49605,Bread,Classic Hummus Family Size,5.910029444388801e-06,0.022485207100591716,12.308378629713554
20479,12914,Bread,Corn Tortilla Chips,2.7994876315525896e-06,0.010650887573964497,12.129387721736288
20479,10613,Bread,Cut & Peeled Baby Carrots,4.043704356687074e-06,0.015384615384615385,11.823954099928283
20479,7877,Bread,Chicken Thighs,2.7994876315525896e-06,0.010650887573964497,11.61508193299238
20479,20919,Bread,Baby Spinach Salad,5.287921081821558e-06,0.020118343195266272,11.609753807492096
20479,10255,Bread,Clean Care Mega Rolls Toilet Paper,2.7994876315525896e-06,0.010650887573964497,10.828988468836666
20479,43867,Bread,100% Grated Parmesan Cheese,4.9768669005379374e-06,0.01893491124260355,10.504461405721113
20479,19468,Bread,Classic Yellow Mustard,4.354758537970695e-06,0.016568047337278107,10.326518925045487
20479,39844,Bread,Mini Sweet Peppers,2.7994876315525896e-06,0.010650887573964497,10.073922194310544
20479,23763,Bread,French Vanilla Sugar Free Liquid Coffee Creamer,2.7994876315525896e-06,0.010650887573964497,9.997448624368332
20479,8153,Bread,Plain Non-Fat Greek Yogurt,4.354758537970695e-06,0.016568047337278107,9.907772435897437
20479,17341,Bread,Presliced Everything Bagels,5.910029444388801e-06,0.022485207100591716,9.857780948085052
20479,130,Bread,Vanilla Milk Chocolate Almond Ice Cream Bars Multi-Pack,3.1105418128362106e-06,0.011834319526627219,9.84623347666826
20479,19604,Bread,Medium Scarlet Raspberries,4.043704356687074e-06,0.015384615384615385,9.819257494540402
20479,21553,Bread,Lowfat 2% Milkfat Cottage Cheese,3.421595994119832e-06,0.01301775147928994,9.449182833423068
20479,20682,Bread,Cinnamon Raisin Swirl Pre-Sliced Bagels,2.7994876315525896e-06,0.010650887573964497,9.21702867791697
20479,31268,Bread,Sandwich Bags,2.7994876315525896e-06,0.010650887573964497,9.075340985545068
20479,33351,Bread,Light Multi-Grain English Muffins,3.421595994119832e-06,0.01301775147928994,8.702522513876225
20479,19863,Bread,Classic Potato Chips,3.421595994119832e-06,0.01301775147928994,8.390222688298069
20479,37940,Bread,Original Strawberry Low Fat Yogurt,2.7994876315525896e-06,0.010650887573964497,8.217245389599602
20479,27801,Bread,Philadelphia Cream Cheese Spread,3.421595994119832e-06,0.01301775147928994,8.181902398676591
20479,18019,Bread,Macaroni & Cheese Dinner Original Flavor,4.043704356687074e-06,0.015384615384615385,8.133464890642987
20479,23909,Bread,2% Reduced Fat Milk,2.3951171958838822e-05,0.09112426035502959,7.898223703448691
20479,23888,Bread,Hamburger Buns,3.1105418128362106e-06,0.011834319526627219,7.87372643912379
20479,38996,Bread,Grape Tomatoes,5.598975263105179e-06,0.021301775147928994,7.873364345472877
20479,4210,Bread,Whole Milk,2.2706955233704337e-05,0.0863905325443787,7.794310805238878
20479,34862,Bread,Tiny Twists Pretzels,2.7994876315525896e-06,0.010650887573964497,7.677412901000345
20479,44234,Bread,Squeeze Tomato Ketchup,4.9768669005379374e-06,0.01893491124260355,7.62060013096568
20479,34234,Bread,Grade AA Large White Eggs,4.043704356687074e-06,0.015384615384615385,7.602151859821703
20479,31981,Bread,1% Low Fat Milk,5.287921081821558e-06,0.020118343195266272,7.502370776190518
20479,21333,Bread,Original Whipped Cream Cheese,6.843191988239664e-06,0.02603550295857988,7.487329952452056
20479,30183,Bread,Quaker Life Cinnamon Cereal,2.7994876315525896e-06,0.010650887573964497,7.4778907050582095
20479,1117,Bread,Turkey Bacon,3.1105418128362106e-06,0.011834319526627219,7.413454044007434
20479,38028,Bread,White Sliced Mushrooms,4.043704356687074e-06,0.015384615384615385,7.061621930325528
20479,7751,Bread,Tomato Ketchup,7.465300350806906e-06,0.028402366863905324,7.002840000707935
46541,46,Corn Flakes,Raisin Cinnamon Bagels 5 count,4.665812719254316e-06,0.011971268954509178,254.8749755553559
46541,15477,Corn Flakes,Wheaties,5.910029444388801e-06,0.015163607342378291,101.9855376385378
46541,4818,Corn Flakes,Classic Vanilla Coffee Creamer,4.043704356687074e-06,0.010375099760574621,84.22888501938782
46541,19097,Corn Flakes,Light Harvest Peach Yogurt,9.642679619792254e-06,0.024740622505985636,56.25034231846398
46541,47409,Corn Flakes,Original Red Raspberry Yogurt,7.776354532090527e-06,0.019952114924181964,51.686974629141474
46541,2519,Corn Flakes,Rice Krispies Cereal,1.710797997059916e-05,0.04389465283320032,51.29617525717268
46541,39832,Corn Flakes,Rise Krisipies Toasted Rice Cereal,1.0264787982359495e-05,0.026336791699920193,42.22916053839862
46541,40278,Corn Flakes,Special K Original,4.354758537970695e-06,0.0111731843575419,39.38638145643438
46541,4137,Corn Flakes,Whole Grain Oat Cereal,2.7372767952958655e-05,0.07023144453312051,36.82081621199792
46541,34355,Corn Flakes,Spearmint Sugar-Free Gum,6.221083625672421e-06,0.01596169193934557,35.61056794712814
46541,38063,Corn Flakes,Cocoa Puffs Cereal,5.287921081821558e-06,0.013567438148443736,32.07176775738228
46541,9901,Corn Flakes,Original Strawberry Banana Yogurt,9.02057125722501e-06,0.02314445331205108,31.581706789951998
46541,27761,Corn Flakes,Oats & Chocolate Chewy Bars,8.087408713374148e-06,0.020750199521149242,30.64275467861973
46541,37066,Corn Flakes,Original Cherry Orchard Yogurt,7.154246169523284e-06,0.018355945730247406,30.04686999673289
46541,21158,Corn Flakes,Everything Bagel,4.665812719254316e-06,0.011971268954509178,27.667952055254307
46541,33819,Corn Flakes,Original French Vanilla Yogurt,9.331625438508632e-06,0.023942537909018357,26.735756379894923
46541,47366,Corn Flakes,Raisin Bran Crunch Cereal,9.953733801075875e-06,0.025538707102952914,26.545013080794906
46541,13806,Corn Flakes,1% Milkfat Low Fat Vitamin A & D Milk,4.665812719254316e-06,0.011971268954509178,25.899139507980312
46541,21351,Corn Flakes,Nutri-Grain Soft Baked Strawberry Cereal Breakfast Bars,7.154246169523284e-06,0.018355945730247406,25.079495398887975
46541,14063,Corn Flakes,Triscuit Original Baked Whole Grain Wheat Crackers,5.287921081821558e-06,0.013567438148443736,24.79681873225691
46541,44177,Corn Flakes,Large Grade A Eggs,5.910029444388801e-06,0.015163607342378291,23.710645423745657
46541,3529,Corn Flakes,Fully Cooked Original Bacon,4.9768669005379374e-06,0.012769353551476457,23.272031025764925
46541,37886,Corn Flakes,Extra Creamy Dairy Whipped Topping,4.043704356687074e-06,0.010375099760574621,20.044854848363926
46541,21011,Corn Flakes,Condensed Cream of Chicken Soup,4.354758537970695e-06,0.0111731843575419,19.69319072821719
46541,34503,Corn Flakes,Grape-Nuts Cereal,4.665812719254316e-06,0.011971268954509178,19.26232297740678
46541,41453,Corn Flakes,Eggo Buttermilk Pancakes,4.043704356687074e-06,0.010375099760574621,19.12536609385182
46541,3856,Corn Flakes,Deli Fresh Smoked Turkey Breast,9.02057125722501e-06,0.02314445331205108,19.07369935840218
46541,30727,Corn Flakes,Vanilla Almond Fit Granola,6.221083625672421e-06,0.01596169193934557,18.728039566354617
46541,34027,Corn Flakes,Crispix Rice & Corn Cereal,5.910029444388801e-06,0.015163607342378291,18.592329134714365
46541,28931,Corn Flakes,Honey Bunches of Oats Honey Roasted Cereal,7.776354532090527e-06,0.019952114924181964,18.48516873624339
46541,36664,Corn Flakes,Baked Soft Pretzels,4.043704356687074e-06,0.010375099760574621,18.46879206405181
46541,25691,Corn Flakes,Original Life Cereal,6.5321378069560425e-06,0.01675977653631285,18.38927298034206
46541,15269,Corn Flakes,Natural Medium Cheddar Cheese,6.221083625672421e-06,0.01596169193934557,17.854846350665152
46541,25706,Corn Flakes,Hazelnut Bromstad Design Liquid Coffee Creamer,8.087408713374148e-06,0.020750199521149242,17.652626868313085
46541,39059,Corn Flakes,Extra Long Grain Enriched Rice,5.287921081821558e-06,0.013567438148443736,17.524147910823586
46541,48299,Corn Flakes,Baby Cut Carrots,7.154246169523284e-06,0.018355945730247406,17.20969748427629
46541,48004,Corn Flakes,Danimals Strawberry Explosion Flavored Smoothie,6.843191988239664e-06,0.017557861133280128,16.744678508748983
46541,25804,Corn Flakes,Original Soy Milk,9.02057125722501e-06,0.02314445331205108,16.686813455287485
46541,25232,Corn Flakes,Lucky Charms Cereal,4.354758537970695e-06,0.0111731843575419,16.637508053852784
46541,9007,Corn Flakes,Frosted Flakes,5.287921081821558e-06,0.013567438148443736,16.635241857376013
46541,31981,Corn Flakes,1% Low Fat Milk,1.710797997059916e-05,0.04389465283320032,16.368840985092454
46541,16920,Corn Flakes,Country Potato Bread,5.598975263105179e-06,0.014365522745411013,16.31920338184823
46541,30183,Corn Flakes,Quaker Life Cinnamon Cereal,9.02057125722501e-06,0.02314445331205108,16.24950888777613
46541,43183,Corn Flakes,Deli Fresh Shaved Smoked Turkey Breast,8.70951707594139e-06,0.0223463687150838,16.12949254075804
46541,47941,Corn Flakes,Special K Red Berries Cereal,4.9768669005379374e-06,0.012769353551476457,16.03588387869114
46541,31102,Corn Flakes,Sugar Free Energy Drink,7.776354532090527e-06,0.019952114924181964,15.663867036572542
46541,44475,Corn Flakes,Honey Bunches of Oats Honey Roasted with Almonds Cereal,6.5321378069560425e-06,0.01675977653631285,15.540977742256196
46541,49141,Corn Flakes,Gluten Free Rice Chex,4.043704356687074e-06,0.010375099760574621,15.314342730797785
46541,37654,Corn Flakes,Butter with Canola Oil Spread,4.043704356687074e-06,0.010375099760574621,15.072136677667228
46541,47145,Corn Flakes,Spring Mix,5.598975263105179e-06,0.014365522745411013,14.926743881910305
46541,26040,Corn Flakes,"Deli Fresh Honey Ham, 97% Fat Free, Gluten Free",5.910029444388801e-06,0.015163607342378291,14.643762989252346
46541,15100,Corn Flakes,Fresh Spinach,4.665812719254316e-06,0.011971268954509178,14.196282297624029
46541,3696,Corn Flakes,Original Baked Snack Crackers,5.598975263105179e-06,0.014365522745411013,14.13199068868742
46541,22882,Corn Flakes,Light Mozzarella String Cheese,7.154246169523284e-06,0.018355945730247406,13.862356747376886
46541,43409,Corn Flakes,Frosted Mini-Wheats Original Cereal,9.331625438508632e-06,0.023942537909018357,13.843928528366453
46541,30340,Corn Flakes,Oatmeal Squares Brown Sugar,6.5321378069560425e-06,0.01675977653631285,13.582195571565977
46541,43693,Corn Flakes,Whole Vitamin D Milk,6.843191988239664e-06,0.017557861133280128,13.439597917379242
46541,39041,Corn Flakes,Original Wheat Thins,7.465300350806906e-06,0.019154030327214685,13.371942257149616
46541,15359,Corn Flakes,All Purpose Flour,8.398462894657768e-06,0.02154828411811652,13.145164773424238
46541,5067,Corn Flakes,Original Syrup,6.221083625672421e-06,0.01596169193934557,12.994385518311383
46541,3318,Corn Flakes,Cinnamon Swirl Raisin Bread,6.221083625672421e-06,0.01596169193934557,12.906143966753433
46541,14183,Corn Flakes,Fruit & Nutty Almonds Raisins Cranberries Pecans Granola,4.354758537970695e-06,0.0111731843575419,12.856256223431696
46541,17341,Corn Flakes,Presliced Everything Bagels,1.1197950526210359e-05,0.028731045490822026,12.596030429736938
46541,9558,Corn Flakes,Non-Fat Vanilla Blended Greek Yogurt,4.354758537970695e-06,0.0111731843575419,12.424897920535509
46541,4317,Corn Flakes,Solid White Albacore Tuna In Water,4.665812719254316e-06,0.011971268954509178,12.210063867023713
46541,29095,Corn Flakes,Original Cream Cheese,5.598975263105179e-06,0.014365522745411013,12.137541542872663
46541,7736,Corn Flakes,Premium Original Saltine Crackers,7.154246169523284e-06,0.018355945730247406,11.950597949287848
46541,41276,Corn Flakes,Energy Drink,9.331625438508632e-06,0.023942537909018357,11.913363661618554
46541,397,Corn Flakes,Pure Granulated Cane Sugar,6.221083625672421e-06,0.01596169193934557,11.840061931659356
46541,44325,Corn Flakes,Elbow Macaroni Pasta,4.9768669005379374e-06,0.012769353551476457,11.77958758377312
46541,29615,Corn Flakes,"Bread, Country Buttermilk",9.02057125722501e-06,0.02314445331205108,11.741597159085828
46541,37940,Corn Flakes,Original Strawberry Low Fat Yogurt,5.910029444388801e-06,0.015163607342378291,11.698844970295433
46541,1831,Corn Flakes,Peach-Pear Sparkling Water,4.043704356687074e-06,0.010375099760574621,11.589519967921326
46541,13866,Corn Flakes,Deluxe Plain Bagels,5.910029444388801e-06,0.015163607342378291,11.568364259900585
46541,42372,Corn Flakes,Pineapple on the Bottom Greek Yogurt,4.665812719254316e-06,0.011971268954509178,11.536607106972046
46541,44085,Corn Flakes,Vanilla Light & Fit Greek Yogurt,4.9768669005379374e-06,0.012769353551476457,10.891977375815687
46541,1263,Corn Flakes,American Cheese Slices 12 Count,4.354758537970695e-06,0.0111731843575419,10.411704315440046
46541,20512,Corn Flakes,Original Cereal,5.910029444388801e-06,0.015163607342378291,10.222077372870846
46541,31268,Corn Flakes,Sandwich Bags,4.665812719254316e-06,0.011971268954509178,10.200403209345016
46541,24186,Corn Flakes,Slim Can Pink Grapefruit Natural Mineral Water,5.910029444388801e-06,0.015163607342378291,10.164530231697471
46541,20955,Corn Flakes,Cereal,1.4930600701613811e-05,0.03830806065442937,10.107976706200589
46541,48527,Corn Flakes,Avocado,5.287921081821558e-06,0.013567438148443736,10.017823644933374
46541,32403,Corn Flakes,Fat Free Skim Milk,1.0886896344926737e-05,0.027932960893854747,9.835810484191718
46541,41351,Corn Flakes,Family Size Naturally Flavored Whole Grain Oats Cereal,4.665812719254316e-06,0.011971268954509178,9.665022930401491
46541,38241,Corn Flakes,Low-Fat Mango on the Bottom Greek Yogurt,4.043704356687074e-06,0.010375099760574621,9.280645093955918
46541,44799,Corn Flakes,Fresh CA Grown Eggs,1.150900470749398e-05,0.029529130087789304,9.252673738971886
46541,44245,Corn Flakes,Honey Maid Graham Crackers,4.665812719254316e-06,0.011971268954509178,9.21381884339448
46541,20463,Corn Flakes,Organic Fat-Free Milk,5.287921081821558e-06,0.013567438148443736,9.096476360800814
46541,27020,Corn Flakes,Mandarins Bag,5.910029444388801e-06,0.015163607342378291,8.953000365697164
46541,23909,Corn Flakes,2% Reduced Fat Milk,3.98149352043035e-05,0.10215482841181166,8.854301632083109
46541,21553,Corn Flakes,Lowfat 2% Milkfat Cottage Cheese,4.665812719254316e-06,0.011971268954509178,8.689573562623334
46541,43967,Corn Flakes,Raspberry Lemonade,5.598975263105179e-06,0.014365522745411013,8.689246579610627
46541,30696,Corn Flakes,Eggo Homestyle Waffles,9.331625438508632e-06,0.023942537909018357,8.66804533983305
46541,34487,Corn Flakes,Hass Avocado Bag,4.9768669005379374e-06,0.012769353551476457,8.606260530282876
46541,10613,Corn Flakes,Cut & Peeled Baby Carrots,4.354758537970695e-06,0.0111731843575419,8.587229234584786
46541,27801,Corn Flakes,Philadelphia Cream Cheese Spread,5.287921081821558e-06,0.013567438148443736,8.527390840672513
46541,23405,Corn Flakes,Pure Baking Soda,8.087408713374148e-06,0.020750199521149242,8.388993578389732
46541,17008,Corn Flakes,Shredded Sharp Cheddar Cheese,7.154246169523284e-06,0.018355945730247406,8.291703340393903
46541,21333,Corn Flakes,Original Whipped Cream Cheese,1.1197950526210359e-05,0.028731045490822026,8.262518216411214
46541,6187,Corn Flakes,Raisin Bran Cereal,1.5241654882897433e-05,0.03910614525139665,8.15577876152699
48227,14874,Apple,Organic Eggs Large,1.5552709064181053e-06,0.13157894736842105,109.588014725934
48227,24082,Apple,Organic Dark Sweet Cherries,1.5552709064181053e-06,0.13157894736842105,60.08661034688995
48227,8277,Apple,Apple Honeycrisp Organic,1.5552709064181053e-06,0.13157894736842105,4.975414453565105
48227,27966,Apple,Organic Raspberries,1.8663250877017264e-06,0.15789473684210525,3.703653838990539
48227,27845,Apple,Organic Whole Milk,1.8663250877017264e-06,0.15789473684210525,3.6808794765275104
48227,13176,Apple,Bag of Organic Bananas,3.1105418128362106e-06,0.2631578947368421,2.229594080074346
48227,47209,Apple,Organic Hass Avocado,1.5552709064181053e-06,0.13157894736842105,1.9805310175018036
